{"cameraMode":{"drawMode":0,"name":"Shaded","section":"Shading Mode"},"sceneLighting":true,"audioPlay":false,"sceneViewState":{"showFog":true,"showMaterialUpdate":false,"showSkybox":true,"showFlares":true,"showImageEffects":true,"showParticleSystems":true},"in2DMode":false,"pivot":{"x":-1.344214916229248,"y":1.8639355897903443,"z":-4.3450422286987309},"rotation":{"x":0.3597114384174347,"y":0.6133835315704346,"z":-0.3684314489364624,"w":0.5988729000091553},"size":0.2260880321264267,"orthographic":true}