{"cameraMode":{"drawMode":0,"name":"Shaded","section":"Shading Mode"},"sceneLighting":false,"audioPlay":false,"sceneViewState":{"showFog":true,"showMaterialUpdate":false,"showSkybox":false,"showFlares":true,"showImageEffects":true,"showParticleSystems":true},"in2DMode":false,"pivot":{"x":-5.050000190734863,"y":0.1899999976158142,"z":-7.380000114440918},"rotation":{"x":0.6831420063972473,"y":0.019709013402462007,"z":-0.018449321389198304,"w":0.7297860980033875},"size":0.2338271141052246,"orthographic":false}