{"cameraMode":{"drawMode":0,"name":"Shaded","section":"Shading Mode"},"sceneLighting":true,"audioPlay":false,"sceneViewState":{"showFog":true,"showMaterialUpdate":false,"showSkybox":true,"showFlares":true,"showImageEffects":true,"showParticleSystems":true},"in2DMode":false,"pivot":{"x":-3.081972122192383,"y":1.5589920282363892,"z":-6.362288475036621},"rotation":{"x":-0.020571641623973848,"y":0.9648570418357849,"z":-0.24966198205947877,"w":-0.07948915660381317},"size":3.788235902786255,"orthographic":true}